name,email,lastname,blog
Carl,carl@yahoo.com,N,http://blog.carl.com
Mila,jane@janedoe.com,Adams,https://blog.janedoe.com
Kwame,kwame@qwant.com,A,https://blog.kwame.com
Gaetan,gaetan@qwant.com,A,https://blog.gaetan.com
Houssein,houssein@qwant.com,A,https://blog.houssein.com
Bob,beibarys@bcpd.com,A,https://blog.bob.com
